{
  "input": 0.007874015748031496,
  "fc1_out": 0.11775314150832769,
  "relu1_out": 0.07760982813797598,
  "fc2_out": 0.10434190494807687,
  "relu2_out": 0.10434190494807687,
  "fc3_out": 0.18517757025290663
}