{
  "fc1": 0.00461925333365798,
  "fc2": 0.0046746390871703625,
  "fc3": 0.003518393263220787
}